내용링크,title,problem,level,분류,유사도,number
/problem/1920,수 찾기,"N개의 정수 A[1], A[2], …, A[N]이 주어져 있을 때, 이 안에 X라는 정수가 존재하는지 알아내는 프로그램을 작성하시오.M개의 줄에 답을 출력한다. 존재하면 1을, 존재하지 않으면 0을 출력한다.",7.0,"이분 탐색,자료 구조,정렬,",기준,1920
/problem/26168,배열 전체 탐색하기,"크기 n인 정수형 배열 A가 주어진다. 배열 A의 원소는 A[0], A[1], ... , A[n-1]이다. 배열 A에는 같은 값을 갖는 원소가 여러 개 존재할 수 있다. 배열 A에 대한 m개의 질의가 저장된 배열 B가 주어진다. 배열 B에 저장된 m개의 질의는 아래 세 가지 유형으로 구분된다. 첫 번째가 유형 1, 두 번째가 유형 2, 세 번째가 유형 3이다.1 k: 배열 A의 원소 중 k보다 크거나 같은 원소의 개수를 출력한다.2 k: 배열 A의 원소 중 k보다 큰 원소의 개수를 출력한다.3 i j: 배열 A의 원소 중 i보다 크거나 같고 j보다 작거나 같은 원소의 개수를 출력한다.배열 B에 저장된 첫 번째 질의부터 m번째 질의까지 순서대로 처리하면서 질의 결과를 출력하자.첫 번째 줄부터 질의 결과를 순서대로 한 줄씩 출력한다.",7.0,"이분 탐색,정렬,",1.6855909717906232,26168
/problem/20551,Sort 마스터 배지훈의 후계자,"지훈이는 Sort 마스터다. 오랫동안 Sort 마스터 자리를 지켜온 지훈이는 이제 마스터 자리를 후계자에게 물려주려고 한다. 수많은 제자들 중에 후계자를 고르기 위해서 지훈이는 제자들에게 문제를 준비했다. 먼저 제자들에게 $N$개의 원소를 가진 배열$A$를 주고, $A$의 원소들이 오름차순으로 정렬된 배열$B$를 만들게 한다. 그다음 $M$개의 질문을 한다. 각 질문에는 정수 $D$가 주어진다. 제자들은 주어진 정수$D$가 $B$에서 가장 먼저 등장한 위치를 출력하면 된다. 단, $D$가 $B$에 존재하지 않는 경우에는 -1를 출력한다. Sort 마스터의 자리를 너무나도 물려받고 싶은 창국이를 위해 지훈이의 문제를 풀 수 있는 프로그램을 만들어 주자.$M$개의 질문에 대해서 주어진 $D$가 $B$에서 처음으로 등장한 위치를 출력한다. 단, 존재하지 않는다면 -1를 출력한다. (배열에서 가장 앞의 원소의 위치는 0이다.)",7.0,"이분 탐색,자료 구조,정렬,",1.673555672168732,20551
/problem/11663,선분 위의 점,"일차원 좌표상의 점 N개와 선분 M개가 주어진다. 이때, 각각의 선분 위에 입력으로 주어진 점이 몇 개 있는지 구하는 프로그램을 작성하시오.입력으로 주어진 각각의 선분 마다, 선분 위에 입력으로 주어진 점이 몇 개 있는지 출력한다.",8.0,"이분 탐색,정렬,",1.6389343632090803,11663
/problem/17124,두 개의 배열,"정수 배열 A 와 B가 있다. A는 총 n개의 서로 다른 양의 정수를 포함하고 B는 총 m개의 서로 다른 양의 정수를 포함한다.A, B를 이용해서 길이가 n인 새로운 배열 C를 만들어보자.C[i] 는 배열 B에 있는 값 중 A[i] 에 가장 가까운 값 (절대값 차이가 가장 작은 값)으로 정의 된다. 만약 이 조건을 만족하는 값들이 여럿 있는 경우, 그 중 가장 크기가 작은 값으로 정의 된다.예를 들어 A = [20, 5, 14, 9] 그리고 B = [16, 8, 12] 라고 해보자.C[1] = 16 이다 - 왜냐하면 B[1] = 16이 A[1] = 20에 가장 가깝기 때문이다.C[2] = 8 이다 - 왜냐하면 B[2] = 8이 A[2] = 5에 가장 가깝기 때문이다.C[3] = 12 이다 - 왜냐하면 B[1] = 16 와 B[3] = 12 모두 A[3] = 14에 가장 가깝지만, B[3]의 값이 더 작기 때문이다.C[4] = 8이다.이 예제의 경우 C = [16, 8, 12, 8]으로 정의된다.두 배열 A와 B가 주어졌을 때, 새로운 배열 C를 계산하여 배열 C에 포함된 값들의 합을 구하는 프로그램을 작성하시오.각 테스트 케이스에 대해 배열 C를 구하고 해당 배열의 모든 원소 합을 한 줄에 출력하시오.",8.0,"이분 탐색,정렬,",1.6374518764842267,17124
/problem/2881,산책길,"정부는 오크 나무 숲을 통과하는 산책길를 만들려고 한다. 숲을 평면으로 나타낼 수 있고, 나무 N개는 평면위의 격자점으로 나타낼 수 있다.산책길은 축에 평행한 직사각형으로 나타낸다. 산책길의 변 위에 있는 나무는 베어내야 한다. 산책길 내부에 있는 나무는 문제가 되지 않으며, 베어내지 않아도 된다.산림청에서는 산책길 계획을 공모전으로 열었고, 총 P개의 산책길가 접수되었다. 각각의 접수된 산책길에 대해서, 그 산책길를 만들려면 나무를 몇 개나 잘라내야하는지 구하는 프로그램을 작성하시오. 나무는 변 위에 있는 나무만 베어야한다.총 P개의 줄에 각 산책로를 건설하려면 나무를 몇 개나 베어야 하는지 출력한다. 입력으로 주어진 순서를 지켜 출력한다.",13.0,"이분 탐색,정렬,",1.5943559897769208,2881
/problem/1994,등차수열,"N개의 음 아닌 정수들이 있다. 이들 중 몇 개의 정수를 선택하여 나열하면 등차수열을 만들 수 있다. 예를 들어 4, 3, 1, 5, 7이 있을 때 1, 3, 5, 7을 선택하여 나열하면 등차수열이 된다. 이와 같이 했을 때, 등차수열의 길이가 최대 얼마까지 가능한지 알아내시오.등차수열은 일정한 값만큼 증가하는 수열을 말한다. 이 일정한 값은 음수나 0도 될 수 있다.첫째 줄에 가장 긴 등차수열의 길이를 출력한다.",15.0,"이분 탐색,자료 구조,다이나믹 프로그래밍,정렬,",1.589612516709124,1994
/problem/2428,표절,"세계적인 석유 재벌 ""규현 조 압둘 티크리티 안드레스 후세인 리오넬 솔레르 살라 마리우 두스 산투스 펠리스 빈 자이드 술탄 친나왓 뱅거 7세""는 1등 상품으로 페라리를 걸고 프로그래밍 대회를 개최했다. 이 대회의 참석자는 총 N명이고 각각 솔루션 파일 1개를 제출했다. 이 솔루션 파일을 F1, F2, ..., Fn이라고 한다.채점 결과를 발표하기 전에, 남의 것을 배낀 사람이 있는지 찾아내려고 한다. 이 대회의 주최측은 두 파일을 비교해서 너무 비슷한지 아닌지 판별하는 프로그램이 있다.하지만, 제출한 파일의 개수가 너무 많아서, 모든 쌍을 검사한다면, 2012년 지구가 멸망할 때 까지도 검사를 해야할 판이다. 따라서, 파일 크기가 너무 다른 경우에는 그러한 쌍을 검사하지 않고 넘어가기로 했다.좀더 정확하게 하기 위해서, 대회의 심판들은 두 파일이 있을 때, 작은 파일의 크기가 큰 파일 크기의 90%보다도 작을 때는, 이러한 쌍은 검사하지 않고 넘어가기로 했다. 따라서, (Fi, Fj) 쌍을 검사해야 하는데, 이때, i≠j이고, size(Fi) ≤ size(Fj)이면서, size(Fi) ≥ 0.9 × size(Fj)인 쌍만 검사하려고 한다.몇 개의 쌍을 검사해야 하는 지 구하는 프로그램을 작성하시오.첫째 줄에 검사해야 하는 파일의 개수를 출력한다.",8.0,"이분 탐색,정렬,",1.575282205425572,2428
/problem/12099,점심메뉴,"승관이와 영우는 앞으로 Q일 동안 점심을 같이 먹기로 했다. 승관이는 [u, v] 구간의 매운맛을 좋아하고 영우는 [x, y] 구간의 단맛을 좋아한다. (u, v, x, y는 매일 매일 기분 따라 바뀐다) N가지 점심 메뉴의 매운맛 수치 a와, 단맛 수치 b가 주어지고, 앞으로 Q 일간의 u, v, x, y가 주어진다. 승관이와 영우의 점심 메뉴 선택을 돕기 위해, 날마다 승관이와 영우가 둘 다 좋아하는 메뉴의 수를 알려주는 프로그램을 만들어주자.Q개의 줄에 줄마다 각 날의 영우와 승관이가 둘 다 좋아하는 메뉴의 수, 즉 u ≤ a ≤ v 이고, x ≤ b ≤ y 인 메뉴의 수를 출력한다 ",12.0,"이분 탐색,정렬,",1.572519708954167,12099
/problem/2230,수 고르기,"N개의 정수로 이루어진 수열 A[1], A[2], …, A[N]이 있다. 이 수열에서 두 수를 골랐을 때(같은 수일 수도 있다), 그 차이가 M 이상이면서 제일 작은 경우를 구하는 프로그램을 작성하시오.예를 들어 수열이 {1, 2, 3, 4, 5}라고 하자. 만약 M = 3일 경우, 1 4, 1 5, 2 5를 골랐을 때 그 차이가 M 이상이 된다. 이 중에서 차이가 가장 작은 경우는 1 4나 2 5를 골랐을 때의 3이 된다.첫째 줄에 M 이상이면서 가장 작은 차이를 출력한다. 항상 차이가 M이상인 두 수를 고를 수 있다.",11.0,"이분 탐색,정렬,두 포인터,",1.5634143924516917,2230
/problem/10816,숫자 카드 2,"숫자 카드는 정수 하나가 적혀져 있는 카드이다. 상근이는 숫자 카드 N개를 가지고 있다. 정수 M개가 주어졌을 때, 이 수가 적혀있는 숫자 카드를 상근이가 몇 개 가지고 있는지 구하는 프로그램을 작성하시오.첫째 줄에 입력으로 주어진 M개의 수에 대해서, 각 수가 적힌 숫자 카드를 상근이가 몇 개 가지고 있는지를 공백으로 구분해 출력한다.",7.0,"이분 탐색,자료 구조,해시를 사용한 집합과 맵,정렬,",기준,10816
/problem/10815,숫자 카드,"숫자 카드는 정수 하나가 적혀져 있는 카드이다. 상근이는 숫자 카드 N개를 가지고 있다. 정수 M개가 주어졌을 때, 이 수가 적혀있는 숫자 카드를 상근이가 가지고 있는지 아닌지를 구하는 프로그램을 작성하시오.첫째 줄에 입력으로 주어진 M개의 수에 대해서, 각 수가 적힌 숫자 카드를 상근이가 가지고 있으면 1을, 아니면 0을 공백으로 구분해 출력한다.",6.0,"이분 탐색,자료 구조,해시를 사용한 집합과 맵,정렬,",1.986107409000397,10815
/problem/2776,암기왕,"연종이는 엄청난 기억력을 가지고 있다. 그래서 하루 동안 본 정수들을 모두 기억 할 수 있다. 하지만 이를 믿을 수 없는 동규는 그의 기억력을 시험해 보기로 한다. 동규는 연종을 따라 다니며, 연종이 하루 동안 본 정수들을 모두 ‘수첩1’에 적어 놓았다. 그것을 바탕으로 그가 진짜 암기왕인지 알아보기 위해, 동규는 연종에게 M개의 질문을 던졌다. 질문의 내용은 “X라는 정수를 오늘 본 적이 있는가?” 이다. 연종은 막힘없이 모두 대답을 했고, 동규는 연종이 봤다고 주장하는 수 들을 ‘수첩2’에 적어 두었다. 집에 돌아온 동규는 답이 맞는지 확인하려 하지만, 연종을 따라다니느라 너무 힘들어서 여러분에게 도움을 요청했다. 동규를 도와주기 위해 ‘수첩2’에 적혀있는 순서대로, 각각의 수에 대하여, ‘수첩1’에 있으면 1을, 없으면 0을 출력하는 프로그램을 작성해보자.‘수첩2’에 적혀있는 M개의 숫자 순서대로, ‘수첩1’에 있으면 1을, 없으면 0을 출력한다.",7.0,"이분 탐색,자료 구조,해시를 사용한 집합과 맵,정렬,",1.8603150844573977,2776
/problem/2866,문자열 잘라내기,"R개의 행과 C개의 열로 이루어진 테이블이 입력으로 주어진다. 이 테이블의 원소는 알파벳 소문자이다.각 테이블의 열을 위에서 아래로 읽어서 하나의 문자열을 만들 수 있다. 예제 입력에서dobarzadatak이 주어지는 경우 ""da"", ""od"", ""ba"", ""at"", ""ra"", ""zk""와 같이 6개의 문자열들이 만들어지게 된다.만약 가장 위의 행을 지워도 테이블의 열을 읽어서 문자열이 중복되지 않는다면, 가장 위의 행을 지워주고, count의 개수를 1 증가시키는, 이 과정을 반복한다. 만약 동일한 문자열이 발견되는 경우, 반복을 멈추고 count의 개수를 출력 후 프로그램을 종료한다.테이블이 주어질 경우 count의 값을 구해보자.문제의 설명과 같이 count의 값을 출력한다.",11.0,"이분 탐색,자료 구조,해시를 사용한 집합과 맵,정렬,문자열,",1.8042369727646375,2866
/problem/2910,빈도 정렬,"위대한 해커 창영이는 모든 암호를 깨는 방법을 발견했다. 그 방법은 빈도를 조사하는 것이다.창영이는 말할 수 없는 방법을 이용해서 현우가 강산이에게 보내는 메시지를 획득했다. 이 메시지는 숫자 N개로 이루어진 수열이고, 숫자는 모두 C보다 작거나 같다. 창영이는 이 숫자를 자주 등장하는 빈도순대로 정렬하려고 한다.만약, 수열의 두 수 X와 Y가 있을 때, X가 Y보다 수열에서 많이 등장하는 경우에는 X가 Y보다 앞에 있어야 한다. 만약, 등장하는 횟수가 같다면, 먼저 나온 것이 앞에 있어야 한다.이렇게 정렬하는 방법을 빈도 정렬이라고 한다.수열이 주어졌을 때, 빈도 정렬을 하는 프로그램을 작성하시오.첫째 줄에 입력으로 주어진 수열을 빈도 정렬한 다음 출력한다.",8.0,"자료 구조,해시를 사용한 집합과 맵,정렬,",1.7909904919473425,2910
/problem/11652,카드,"준규는 숫자 카드 N장을 가지고 있다. 숫자 카드에는 정수가 하나 적혀있는데, 적혀있는 수는 -262보다 크거나 같고, 262보다 작거나 같다.준규가 가지고 있는 카드가 주어졌을 때, 가장 많이 가지고 있는 정수를 구하는 프로그램을 작성하시오. 만약, 가장 많이 가지고 있는 정수가 여러 가지라면, 작은 것을 출력한다.첫째 줄에 준규가 가장 많이 가지고 있는 정수를 출력한다.",7.0,"자료 구조,해시를 사용한 집합과 맵,정렬,",1.751630087932755,11652
/problem/2358,평행선,평면에 n개의 점이 있다. 그중 두 개 이상의 점을 지나면서 x축 또는 y축에 평행한 직선이 몇 개인지 알아내는 프로그램을 작성하시오.첫째 줄에 답을 출력한다.,7.0,"자료 구조,해시를 사용한 집합과 맵,정렬,",1.7305912576524511,2358
/problem/3691,컴퓨터 조립,"상근이는 술을 먹던 도중 프로그래밍을 못하는 이유를 갑자기 깨달았다. 그 이유는 바로 상근이의 컴퓨터 성능이 좋지 않았기 때문이다. 상근이는 컴퓨터를 사기로 결심했다.상근이는 컴퓨터를 조립해서 만들 것이다. 따라서, 각 부품을 모두 따로 구매해서 직접 조립해야 한다. 각각의 부품은 하나씩 구매하면 된다.컴퓨터의 성능은 가장 안 좋은 부품의 성능과 같다. 따라서, 상근이는 예산을 초과하지 않으면서 가장 안 좋은 부품의 성능을 최대로 하려고 한다.각 부품의 이름과 종류, 성능이 주어진다. 이때, 상근이의 예산으로 구매할 수 있는 가장 성능이 좋은 컴퓨터를 구하는 프로그램을 작성하시오.각 테스트 케이스에 대해서, 상근이의 예산으로 구매할 수 있는 가장 좋은 컴퓨터의 성능을 출력한다.",13.0,"이분 탐색,자료 구조,해시를 사용한 집합과 맵,트리를 사용한 집합과 맵,",1.7267351244810363,3691
/problem/7785,회사에 있는 사람,"상근이는 세계적인 소프트웨어 회사 기글에서 일한다. 이 회사의 가장 큰 특징은 자유로운 출퇴근 시간이다. 따라서, 직원들은 반드시 9시부터 6시까지 회사에 있지 않아도 된다.각 직원은 자기가 원할 때 출근할 수 있고, 아무때나 퇴근할 수 있다.상근이는 모든 사람의 출입카드 시스템의 로그를 가지고 있다. 이 로그는 어떤 사람이 회사에 들어왔는지, 나갔는지가 기록되어져 있다. 로그가 주어졌을 때, 현재 회사에 있는 모든 사람을 구하는 프로그램을 작성하시오.현재 회사에 있는 사람의 이름을 사전 순의 역순으로 한 줄에 한 명씩 출력한다.",6.0,"자료 구조,해시를 사용한 집합과 맵,",1.7181975309477038,7785
/problem/2179,비슷한 단어,"N개의 영단어들이 주어졌을 때, 가장 비슷한 두 단어를 구해내는 프로그램을 작성하시오.두 단어의 비슷한 정도는 두 단어의 접두사의 길이로 측정한다. 접두사란 두 단어의 앞부분에서 공통적으로 나타나는 부분문자열을 말한다. 즉, 두 단어의 앞에서부터 M개의 글자들이 같으면서 M이 최대인 경우를 구하는 것이다. ""AHEHHEH"", ""AHAHEH""의 접두사는 ""AH""가 되고, ""AB"", ""CD""의 접두사는 """"(길이가 0)이 된다.접두사의 길이가 최대인 경우가 여러 개일 때에는 입력되는 순서대로 제일 앞쪽에 있는 단어를 답으로 한다. 즉, 답으로 S라는 문자열과 T라는 문자열을 출력한다고 했을 때, 우선 S가 입력되는 순서대로 제일 앞쪽에 있는 단어인 경우를 출력하고, 그런 경우도 여러 개 있을 때에는 그 중에서 T가 입력되는 순서대로 제일 앞쪽에 있는 단어인 경우를 출력한다.첫째 줄에 S를, 둘째 줄에 T를 출력한다. 단, 이 두 단어는 서로 달라야 한다. 즉, 가장 비슷한 두 단어를 구할 때 같은 단어는 제외하는 것이다.",12.0,"자료 구조,해시를 사용한 집합과 맵,정렬,문자열,",1.7150693098040801,2179
/problem/1654,랜선 자르기,"집에서 시간을 보내던 오영식은 박성원의 부름을 받고 급히 달려왔다. 박성원이 캠프 때 쓸 N개의 랜선을 만들어야 하는데 너무 바빠서 영식이에게 도움을 청했다.이미 오영식은 자체적으로 K개의 랜선을 가지고 있다. 그러나 K개의 랜선은 길이가 제각각이다. 박성원은 랜선을 모두 N개의 같은 길이의 랜선으로 만들고 싶었기 때문에 K개의 랜선을 잘라서 만들어야 한다. 예를 들어 300cm 짜리 랜선에서 140cm 짜리 랜선을 두 개 잘라내면 20cm는 버려야 한다. (이미 자른 랜선은 붙일 수 없다.)편의를 위해 랜선을 자르거나 만들 때 손실되는 길이는 없다고 가정하며, 기존의 K개의 랜선으로 N개의 랜선을 만들 수 없는 경우는 없다고 가정하자. 그리고 자를 때는 항상 센티미터 단위로 정수길이만큼 자른다고 가정하자. N개보다 많이 만드는 것도 N개를 만드는 것에 포함된다. 이때 만들 수 있는 최대 랜선의 길이를 구하는 프로그램을 작성하시오.첫째 줄에 N개를 만들 수 있는 랜선의 최대 길이를 센티미터 단위의 정수로 출력한다.",9.0,"이분 탐색,매개 변수 탐색,",기준,1654
/problem/2343,기타 레슨,"강토는 자신의 기타 강의 동영상을 블루레이로 만들어 판매하려고 한다. 블루레이에는 총 N개의 강의가 들어가는데, 블루레이를 녹화할 때, 강의의 순서가 바뀌면 안 된다. 순서가 뒤바뀌는 경우에는 강의의 흐름이 끊겨, 학생들이 대혼란에 빠질 수 있기 때문이다. 즉, i번 강의와 j번 강의를 같은 블루레이에 녹화하려면 i와 j 사이의 모든 강의도 같은 블루레이에 녹화해야 한다.강토는 이 블루레이가 얼마나 팔릴지 아직 알 수 없기 때문에, 블루레이의 개수를 가급적 줄이려고 한다. 오랜 고민 끝에 강토는 M개의 블루레이에 모든 기타 강의 동영상을 녹화하기로 했다. 이때, 블루레이의 크기(녹화 가능한 길이)를 최소로 하려고 한다. 단, M개의 블루레이는 모두 같은 크기이어야 한다.강토의 각 강의의 길이가 분 단위(자연수)로 주어진다. 이때, 가능한 블루레이의 크기 중 최소를 구하는 프로그램을 작성하시오.첫째 줄에 가능한 블루레이 크기중 최소를 출력한다.",10.0,"이분 탐색,매개 변수 탐색,",1.9446162581443787,2343
/problem/23830,제기차기,"얼마 전 학교 체육대회 ""사차원""이 열렸다. 대회 종목 중 하나는 제기차기였고, 몇몇 학생을 제외하고는 대부분의 학생이 한두 번 밖에 차지 못했다. 잘 하는 사람과 못 하는 사람의 점수 차이가 너무 커졌기 때문에, 대회 전체 점수에 영향이 클 거라고 생각한 선생님은 다음과 같은 규칙을 정했다.기준이 되는 양의 정수 $K$를 정한다.어떤 학생의 제기차기 점수가 $K+r$ 초과라면 그 학생의 점수에서 $p$를 뺀다.어떤 학생의 제기차기 점수이 $K$ 미만이라면 그 학생의 점수에 $q$를 더한다.선생님은 이 규칙으로 점수를 계산한 후에, 전교생의 제기차기 점수 합이 $S$ 미만이라면, 학생들에게 제기차기를 충분히 연습시키지 못한 태영이에게 체육관 청소를 시킬 예정이다. 선생님은 $p, q, r, S$를 정한 후에 태영이에게 $K$를 정해달라고 했다. 태영이가 청소를 하지 않아도 되도록 $K$를 정하는 방법이 있는지, 있다면 $K$로 가능한 최솟값은 얼마인지 구하여라.태영이가 청소를 하지 않아도 되는 $K$의 최솟값을 출력한다. 만약에 어떻게 $K$를 정해도 태영이가 청소를 해야 한다면,  $-1$을 출력한다.",12.0,"이분 탐색,매개 변수 탐색,",1.9405351281166077,23830
/problem/13702,이상한 술집,"프로그래밍 대회 전날, 은상과 친구들은 이상한 술집에 모였다. 이 술집에서 막걸리를 시키면 주전자의 용량은 똑같았으나 안에 들어 있는 막걸리 용량은 랜덤이다.  즉 한 번 주문에 막걸리 용량이 802ml 이기도 1002ml가 나오기도 한다.  은상은 막걸리 N 주전자를 주문하고, 자신을 포함한 친구들 K명에게 막걸리를 똑같은 양으로 나눠주려고 한다.  그런데 은상과 친구들은 다른 주전자의 막걸리가 섞이는 것이 싫어서, 분배 후 주전자에 막걸리가 조금 남아 있다면 그냥 막걸리를 버리기로 한다.  (즉, 한 번 주문한 막걸리에 남은 것을 모아서 친구들에게 다시 주는 경우는 없다.  예를 들어 5명이 3 주전자를 주문하여 1002, 802, 705 ml의 막걸리가 각 주전자에 담겨져 나왔고, 이것을 401ml로 동등하게 나눴을 경우 각각 주전자에서 200ml, 0m, 304ml 만큼은 버린다.) 이럴 때 K명에게 최대한의 많은 양의 막걸리를 분배할 수 있는 용량 ml는 무엇인지 출력해주세요.첫째 줄에 K명에게 나눠줄 수 있는 최대의 막걸리 용량 ml 를 출력한다.",8.0,"이분 탐색,매개 변수 탐색,",1.9279146790504456,13702
/problem/28357,사탕 나눠주기,"소수전공 수업을 마무리한 찬우는 축하의 의미로 학생들에게 사탕을 나누어 주려 한다. 구체적으로, 기준이 되는 음이 아닌 정수 $X$를 정한 뒤 최종 점수가 $X$점을 넘는 학생들에게 점수가 높은 만큼 많은 사탕을 줄 것이다. 즉, $X+1$점을 받은 학생은 $1$개, $X+2$점을 받은 학생은 $2$개, $T$($T > X$)점을 받은 학생은 $T - X$개의 사탕을 받게 된다.찬우는 학생들에게 최대한 많은 사탕을 나누어주고 싶기 때문에 기준 점수 $X$를 가능한 한 낮게 정하려 한다. 하지만, 지금 가지고 있는 돈으로는 사탕을 $K$개까지만 살 수 있기 때문에 사탕의 총 개수가 $K$개를 넘으면 안 된다.찬우의 수업은 총 $N$명이 수강했고, $i$번째 학생은 $A_i$점을 받았다. 수강생의 수와 각 학생의 점수, 사탕의 최대 개수 $K$가 주어질 때 찬우를 위해 가능한 $X$의 최솟값을 구하는 프로그램을 작성해 주자.첫째 줄에 가능한 기준 $X$의 최솟값을 출력한다.",9.0,"이분 탐색,매개 변수 탐색,",1.9189573526382446,28357
/problem/23791,K번째 음식 찾기 1,"서준이는 한식과 양식을 매우 좋아한다. 어느 날 아빠는 배고픈 서준이에게 한식 N개, 양식 N개를 주었다. 서준이는 모든 음식을 먹고 나서 각각의 음식 맛을 매겼다. 음식의 맛은 231 − 1보다 작거나 같은 자연수이며 값이 작을수록 더 맛있는 음식이다.아빠는 한식[1..i], 양식[1..j]중에 k번째로 맛있는 음식을 찾는 질의를 서준이에게 주었는데 너무 배부른 서준이는 잠이 들고 말았다. 서준이를 대신하여 질의의 정답을 출력하자.Q개의 줄에 각각의 질의 정답을 출력하자. 각각의 질의 정답은 음식의 종류(한식 1, 양식 2)와 음식의 번호를 빈칸을 사이에 두고 출력한다.",14.0,"이분 탐색,매개 변수 탐색,",1.9178749322891235,23791
/problem/1637,날카로운 눈,"동물원에서 막 탈출한 원숭이 한 마리가 세상구경을 하고 있다. 그 원숭이는 좀 특이한 원숭이였다. 어떤 것도 꿰뚫어볼 수 있는 날카로운 눈을 가진 기이한 원숭이였다. 부드러운 눈을 가진 멍멍이는 언제나 날카로운 눈을 가진 원숭이를 부러워했지만 한편으로는 매우 질투했다.어느 날 멍멍이는 원숭이의 날카로운 눈이 너무 샘나서 원숭이를 직접 패고 싶었지만 날카로운 눈으로 찌를까봐 무서워서 때리지는 못하고 대신, 원숭이에게 문제 하나를 던져주었다. 그 문제는 다음과 같다.정수가 여러 개 모여 있는 정수더미가 있다. 그 안에 어떤 특정한 정수 하나만 홀수개 존재하고 나머지 정수는 모두 짝수개 존재한다. 정수더미 속에서 날카로운 눈을 이용해 홀수개 존재하는 정수를 찾아야 하는 문제이다.근데 멍멍이가 문제를 전달해 주려다가 생각해보니 정수더미 안에 정수가 적게 있으면 문제가 너무 쉬워지게 되는 것이다. 그래서 정수더미안에 정수를 무지막지하게 많이 넣기로 했다. 정수더미가 주어졌을 때, 그 안에 홀수개 존재하는 정수를 찾는 프로그램을 작성하시오.첫째 줄에 정수 두 개를 출력하는데, 첫 번째는 홀수개 존재하는 정수를 출력하고, 두 번째는 그 정수가 몇 개 들어있는지 출력한다. 만약 홀수개 존재하는 정수가 없다면 NOTHING을 출력한다.",17.0,"이분 탐색,매개 변수 탐색,",1.9170108437538147,1637
/problem/15317,동방 보수,"아주대학교에는 N개의 동아리방이 있었다. 빅-종빈빌런이 나타나기 전까지는. 어느 날 나타난 빅-종빈빌런은 아주대학교의 모든 동아리방을 파괴하고, 동아리들을 내쫓았다. 빅-종빈빌런이 떠난 자리에는 무너져내린 동방만이 남았다.M 개의 동방 없는 동아리들은 각자 Si (1 ≤ i ≤ M)만큼의 예산을 가지고 있다. 각 동아리는 최대 이 예산을 사용하여 동아리방을 재건하려고 한다. 각 동방을 다시 사용할 수 있기 위해서는 보수비용으로 Ci (1 ≤ i ≤ N)원이 필요하다. 한 동방은 하나의 동아리에 배정될 수 있으며, 하나의 동아리는 하나의 동방만을 가질 수 있다. 각 동아리는 보수를 하고 돈이 남는다고 해서 다른 동아리에 돈을 보태주지는 않는다.종빈이는 소속된 소학회가 동방이 없어 동방 없는 동아리가 얼마나 서러운지 잘 안다. 이에 최대한 많은 동아리가 동방을 가질 수 있게 도와주려 한다. 종빈이가 도울 것은 당연히 예산이 부족해 동아리방을 얻지 못하는 동아리들이다. 종빈이는 이러한 동아리들에게 동방 보수 비용을 보태주려고 한다. 종빈이가 도와줄 수 있는 금액의 합계가 최대 X원이라고 할 때, 동방을 가질 수 있는 동아리는 최대 몇 개일지를 알아보자.동방을 가질 수 있는 동아리의 최대 개수를 한 줄에 출력한다.",14.0,"이분 탐색,매개 변수 탐색,",1.9168202877044678,15317
/problem/6236,용돈 관리,"현우는 용돈을 효율적으로 활용하기 위해 계획을 짜기로 하였다. 현우는 앞으로 N일 동안 자신이 사용할 금액을 계산하였고, 돈을 펑펑 쓰지 않기 위해 정확히 M번만 통장에서 돈을 빼서 쓰기로 하였다. 현우는 통장에서 K원을 인출하며, 통장에서 뺀 돈으로 하루를 보낼 수 있으면 그대로 사용하고, 모자라게 되면 남은 금액은 통장에 집어넣고 다시 K원을 인출한다. 다만 현우는 M이라는 숫자를 좋아하기 때문에, 정확히 M번을 맞추기 위해서 남은 금액이 그날 사용할 금액보다 많더라도 남은 금액은 통장에 집어넣고 다시 K원을 인출할 수 있다. 현우는 돈을 아끼기 위해 인출 금액 K를 최소화하기로 하였다. 현우가 필요한 최소 금액 K를 계산하는 프로그램을 작성하시오.첫 번째 줄에 현우가 통장에서 인출해야 할 최소 금액 K를 출력한다.",9.0,"이분 탐색,매개 변수 탐색,",1.9160580039024353,6236
/problem/14575,뒤풀이,"도현이는 이번 대회를 준비하면서 거한 저녁 만찬을 예약했다.하지만 모종의 이유로 요리사들이 모두 천국으로 떠나버렸기 때문에, 도현이는 어쩔 수 없이 평범한 신촌 술집을 뒤풀이 장소로 정할 수밖에 없었다.도현이는 우선 각 사람에게 어느 정도 마시면 기분이 좋은지(Li)와, 어느 정도 마시면 힘든지(Ri)를 물어보았다. 각 사람은 Li미만의 술을 마시면 술이 부족해 기분이 좋지 않고, Ri를 초과하는 술을 마시면 천국으로 가버릴 수도 있다. 도현이는 각 사람들에게 적당량씩 술을 분배하려고 한다.그런데 신촌 술집이 항상 그렇듯이, 사장님은 도현이에게 T이상의 술을 반드시 팔아줘야만 예약을 잡아주겠다고 엄포를 놓았다. 마침 도현이의 통장엔 정확히 T의 술을 살 수 있는 금액이 들어 있었고, 도현이는 정확히 T의 술을 결제하였다.이제 도현이는 모든 사람 i에게 Li이상 Ri이하의 술을 주면서, 그 총합이 정확히 T가 되도록 술을 분배하려고 한다. 하지만 안타깝게도, 사람들은 자신의 주량을 과대평가하는 경향이 있다. 이에 따라 도현이는 S의 값을 정하고, 각 사람에게 그 사람이 원하는 술의 양이 얼마이던지 관계없이 S이하의 술만을 주려고 한다. 이제 도현이는 술도 결제했고, 주량도 조사했으므로,모든 사람 i가 Li이상 Ri이하의 술을 받으면서,모든 사람이 받은 술의 총합이 정확히 T가 되고,어떤 사람도 S를 초과하는 술은 받지 않게 할 수 있는,그러한 S값만 결정하면 된다.도현이를 도와 조건을 만족하는 S값을 찾아주도록 하자.만약 그런 값이 여러 개라면, 도현이는 그 중 가장 작은 값을 찾고 싶다.만약 S의 값과는 관계없이 항상 불가능하다면 첫째 줄에 -1만을 출력한다.",10.0,"이분 탐색,매개 변수 탐색,",1.911142885684967,14575
/problem/2805,나무 자르기,"상근이는 나무 M미터가 필요하다. 근처에 나무를 구입할 곳이 모두 망해버렸기 때문에, 정부에 벌목 허가를 요청했다. 정부는 상근이네 집 근처의 나무 한 줄에 대한 벌목 허가를 내주었고, 상근이는 새로 구입한 목재절단기를 이용해서 나무를 구할것이다.목재절단기는 다음과 같이 동작한다. 먼저, 상근이는 절단기에 높이 H를 지정해야 한다. 높이를 지정하면 톱날이 땅으로부터 H미터 위로 올라간다. 그 다음, 한 줄에 연속해있는 나무를 모두 절단해버린다. 따라서, 높이가 H보다 큰 나무는 H 위의 부분이 잘릴 것이고, 낮은 나무는 잘리지 않을 것이다. 예를 들어, 한 줄에 연속해있는 나무의 높이가 20, 15, 10, 17이라고 하자. 상근이가 높이를 15로 지정했다면, 나무를 자른 뒤의 높이는 15, 15, 10, 15가 될 것이고, 상근이는 길이가 5인 나무와 2인 나무를 들고 집에 갈 것이다. (총 7미터를 집에 들고 간다) 절단기에 설정할 수 있는 높이는 양의 정수 또는 0이다.상근이는 환경에 매우 관심이 많기 때문에, 나무를 필요한 만큼만 집으로 가져가려고 한다. 이때, 적어도 M미터의 나무를 집에 가져가기 위해서 절단기에 설정할 수 있는 높이의 최댓값을 구하는 프로그램을 작성하시오.적어도 M미터의 나무를 집에 가져가기 위해서 절단기에 설정할 수 있는 높이의 최댓값을 출력한다.",9.0,"이분 탐색,매개 변수 탐색,",기준,2805
/problem/2792,보석 상자,"보석 공장에서 보석 상자를 유치원에 기증했다. 각각의 보석은 M가지 서로 다른 색상 중 한 색상이다. 원장 선생님은 모든 보석을 N명의 학생들에게 나누어 주려고 한다. 이때, 보석을 받지 못하는 학생이 있어도 된다. 하지만, 학생은 항상 같은 색상의 보석만 가져간다.한 아이가 너무 많은 보석을 가져가게 되면, 다른 아이들이 질투를 한다. 원장 선생님은 이런 질투심을 수치화하는데 성공했는데, 질투심은 가장 많은 보석을 가져간 학생이 가지고 있는 보석의 개수이다. 원장 선생님은 질투심이 최소가 되게 보석을 나누어 주려고 한다.상자에 빨간 보석이 4개 (RRRR), 파란 보석이 7개 (BBBBBBB) 있었고, 이 보석을 5명의 아이들에게 나누어 주는 경우를 생각해보자. RR, RR, BB, BB, BBB로 보석을 나누어주면 질투심은 3이 되고, 이 값보다 작게 나누어 줄 수 없다.상자 안의 보석 정보와 학생의 수가 주어졌을 때, 질투심이 최소가 되게 보석을 나누어주는 방법을 알아내는 프로그램을 작성하시오.첫째 줄에 질투심의 최솟값을 출력한다.",10.0,"이분 탐색,매개 변수 탐색,",1.9171156883239746,2792
/problem/3079,입국심사,"상근이와 친구들은 오스트레일리아로 여행을 떠났다. 상근이와 친구들은 총 M명이고, 지금 공항에서 한 줄로 서서 입국심사를 기다리고 있다. 입국심사대는 총 N개가 있다. 각 입국심사관이 심사를 하는데 걸리는 시간은 사람마다 모두 다르다. k번 심사대에 앉아있는 심사관이 한 명을 심사를 하는데 드는 시간은 Tk이다.가장 처음에 모든 심사대는 비어있고, 심사를 할 준비를 모두 끝냈다. 상근이와 친구들은 비행기 하나를 전세내고 놀러갔기 때문에, 지금 심사를 기다리고 있는 사람은 모두 상근이와 친구들이다. 한 심사대에서는 한 번에 한 사람만 심사를 할 수 있다. 가장 앞에 서 있는 사람은 비어있는 심사대가 보이면 거기로 가서 심사를 받을 수 있다. 하지만 항상 이동을 해야 하는 것은 아니다. 더 빠른 심사대의 심사가 끝나길 기다린 다음에 그 곳으로 가서 심사를 받아도 된다.상근이와 친구들은 모두 컴퓨터 공학과 학생이기 때문에, 어떻게 심사를 받으면 모든 사람이 심사를 받는데 걸리는 시간이 최소가 될지 궁금해졌다.예를 들어, 두 심사대가 있고, 심사를 하는데 걸리는 시간이 각각 7초와 10초라고 하자. 줄에 서 있는 사람이 6명이라면, 가장 첫 두 사람은 즉시 심사를 받으러 가게 된다. 7초가 되었을 때, 첫 번째 심사대는 비어있게 되고, 세 번째 사람이 그곳으로 이동해서 심사를 받으면 된다. 10초가 되는 순간, 네 번째 사람이 이곳으로 이동해서 심사를 받으면 되고, 14초가 되었을 때는 다섯 번째 사람이 첫 번째 심사대로 이동해서 심사를 받으면 된다. 20초가 되었을 때, 두 번째 심사대가 비어있게 된다. 하지만, 여섯 번째 사람이 그 곳으로 이동하지 않고, 1초를 더 기다린 다음에 첫 번째 심사대로 이동해서 심사를 받으면, 모든 사람이 심사를 받는데 걸리는 시간이 28초가 된다. 만약, 마지막 사람이 1초를 더 기다리지않고, 첫 번째 심사대로 이동하지 않았다면, 모든 사람이 심사를 받는데 걸리는 시간이 30초가 되게 된다.상근이와 친구들이 심사를 받는데 걸리는 시간의 최솟값을 구하는 프로그램을 작성하시오.첫째 줄에 상근이와 친구들이 심사를 마치는데 걸리는 시간의 최솟값을 출력한다. ",11.0,"이분 탐색,매개 변수 탐색,",1.9134612679481506,3079
/problem/4454,상근이의 여자친구,"상근이는 여자친구를 데리러 가야 한다. 상근이의 차에는 기름이 t만큼 있고, 여자친구는 상근이가 현재 있는 위치와 m킬로미터 떨어져 있다.	상근이는 여자친구를 최대한 빨리 데리러 가야 하기 때문에, 중간에 주유소에 들릴 시간이 없다. 어렸을 때부터 물리, 수학 영재로 전국에 이름을 날리던 상근이는 차의 속도에 따라 소모되는 기름의 양을 계산했다.	속도가 시속 v 킬로미터 일 때, 한시간 동안 소모되는 기름의 양은 다음과 같다.	av4 + bv3 + cv2 + dv	상근이는 출발할 때부터 도착할 때까지 일정한 속도로 이동한다. 기름이 바닥나지 않으면서 최대한 여자친구에게 빨리가려면 시속 몇 킬로미터로 이동해야 하는지 출력한다.	각 테스트 케이스에 대해서 기름이 바닥나지 않으면서 여자친구에게 가장 빨리 도착하려면 시속 몇 킬로미터로 달려야 하는지를 소수점 둘째자리까지 출력한다. (버림해서 출력한다.)",10.0,"이분 탐색,매개 변수 탐색,",1.9064471125602722,4454
/problem/15790,최종병기 활,"‘최종병기 활’ 이라는 영화를 보던 지훈이는 깊은 감명을 받아 직접 활을 만들어 보기로 한다. 활의 구조는 나무부분인 활대와 고무줄부분인 활줄로 나뉘는데, 나무로 되어있는 활대부분에 활줄을 걸어 활을 만든다. 지훈이의 아버지는 목수이시기 때문에, 활대는 아버지에게 부탁하면 원하는 길이와 모양으로 만들어 주신다. 따라서 지훈이는 활줄을 만들기위해 고무줄을 사러 문구점에 찾아갔다.문구점에서 고리모양의 고무줄을 사왔는데, 이 고무줄은 N 길이의 둘레를 가진다. 그리고 고무줄에 M개의 위치에 홈이 파여 있는데, 이 고무줄은 너무 튼튼해서 홈이 파인 곳만 절단할 수 있다. 고무줄에서 홈이 파인 위치 X는 시계 12시방향을 기준으로 0부터 시작해서 시계방향으로 1씩 증가한다. 따라서 홈이 파인 위치 X는 0부터 N-1 까지의 정수로 표현된다.아래의 [그림2]은 N = 20, M = 3, X = {2,4,6} 일 때 고무줄의 그림이다.또한 최고의 활을 만들기위해서는 K겹의 고무줄이 필요하다. 따라서 주어진 고무줄을 적당히 절단하여 K개의 직선고무줄을 얻어낼 것이다. K겹의 직선고무줄을 겹쳐 활대에 걸게 되는데, 이때 K개의 직선고무줄 중 가장 작은 고무줄의 길이에 의해 활의 길이가 결정된다. 즉, 절단한 고무줄 중 가장 작은 고무줄의 길이가 활의 길이가 된다.지훈이가 만들 수있는 가장 긴 활의 길이는?만들 수 있는 가장 긴 활의 길이를 출력하시오. 만약 활을 만들 수 없다면 -1을 출력하시오",13.0,"이분 탐색,매개 변수 탐색,",1.9005975723266602,15790
/problem/1477,휴게소 세우기,"다솜이는 유료 고속도로를 가지고 있다. 다솜이는 현재 고속도로에 휴게소를 N개 가지고 있는데, 휴게소의 위치는 고속도로의 시작으로부터 얼만큼 떨어져 있는지로 주어진다. 다솜이는 지금 휴게소를 M개 더 세우려고 한다.다솜이는 이미 휴게소가 있는 곳에 휴게소를 또 세울 수 없고, 고속도로의 끝에도 휴게소를 세울 수 없다. 휴게소는 정수 위치에만 세울 수 있다.다솜이는 이 고속도로를 이용할 때, 모든 휴게소를 방문한다. 다솜이는 휴게소를 M개 더 지어서 휴게소가 없는 구간의 길이의 최댓값을 최소로 하려고 한다. (반드시 M개를 모두 지어야 한다.)예를 들어, 고속도로의 길이가 1000이고, 현재 휴게소가 {200, 701, 800}에 있고, 휴게소를 1개 더 세우려고 한다고 해보자.일단, 지금 이 고속도로를 타고 달릴 때, 휴게소가 없는 구간의 최댓값은 200~701구간인 501이다. 하지만, 새로운 휴게소를 451구간에 짓게 되면, 최대가 251이 되어서 최소가 된다.첫째 줄에 M개의 휴게소를 짓고 난 후에 휴게소가 없는 구간의 최댓값의 최솟값을 출력한다.",12.0,"이분 탐색,매개 변수 탐색,",1.8953909277915955,1477
/problem/2110,공유기 설치,"도현이의 집 N개가 수직선 위에 있다. 각각의 집의 좌표는 x1, ..., xN이고, 집 여러개가 같은 좌표를 가지는 일은 없다.도현이는 언제 어디서나 와이파이를 즐기기 위해서 집에 공유기 C개를 설치하려고 한다. 최대한 많은 곳에서 와이파이를 사용하려고 하기 때문에, 한 집에는 공유기를 하나만 설치할 수 있고, 가장 인접한 두 공유기 사이의 거리를 가능한 크게 하여 설치하려고 한다.C개의 공유기를 N개의 집에 적당히 설치해서, 가장 인접한 두 공유기 사이의 거리를 최대로 하는 프로그램을 작성하시오.첫째 줄에 가장 인접한 두 공유기 사이의 최대 거리를 출력한다.",12.0,"이분 탐색,매개 변수 탐색,",기준,2110
/problem/23792,K번째 음식 찾기 2,"서준이는 한식, 양식, 중식을 매우 좋아한다. 어느 날 아빠는 배고픈 서준이에게 한식 N개, 양식 N개, 중식 N개를 주었다. 서준이는 모든 음식을 먹고 나서 각각의 음식 맛을 매겼다. 음식의 맛은 231 − 1보다 작거나 같은 자연수이며 값이 작을수록 더 맛있는 음식이다.아빠는 한식[1..x], 양식[1..y], 중식[1..z]중에 k번째로 맛있는 음식을 찾는 질의를 서준이에게 주었는데 너무 배부른 서준이는 잠이 들고 말았다. 서준이를 대신하여 질의의 정답을 출력하자.Q개의 줄에 각각의 질의 정답을 출력하자. 각각의 질의 정답은 음식의 종류(한식 1, 양식 2, 중식 3)와 음식의 번호를 빈칸을 사이에 두고 출력한다.",13.0,"이분 탐색,매개 변수 탐색,",1.8062584400177002,23792
/problem/17245,서버실,"서버실은 여러 대의 서버 컴퓨터들을 안정적으로 운영할 수 있는 환경을 유지하기 위해 설치된 공간을 말한다.이 회사의 서버실은 N×N 칸으로 구분되어 있고, 각 칸마다 서버 랙이 있어 컴퓨터를 여러 대 쌓을 수 있다. 서버가 과열되지 않도록 서버실에는 언제나 냉방기가 작동하고 있다. 그런데 회사가 경제적으로 어려움에 처한 나머지, 서버실의 운영 비용을 줄이기 위해 서버실 내의 컴퓨터 중 절반만 정상적으로 관리하기로 하였다.냉방기에서 나온 차가운 공기는 서버실의 아래쪽부터 서서히 차오른다. 1분마다 컴퓨터 한 대의 높이만큼 방을 채운다. 이 회사의 서버 컴퓨터는 환경에 매우 민감하여 차가운 공기를 받아야만 동작하고 그렇지 못하면 장애를 일으킨다.서버실의 컴퓨터 중 절반 이상이 켜지려면 몇 분이 필요할까?몇 분이 지나야 전체 컴퓨터의 절반 이상이 장애를 일으키지 않고 동작할 수 있는지 출력한다.",9.0,"이분 탐색,매개 변수 탐색,",1.7973525524139404,17245
/problem/1300,K번째 수,"세준이는 크기가 N×N인 배열 A를 만들었다. 배열에 들어있는 수 A[i][j] = i×j 이다. 이 수를 일차원 배열 B에 넣으면 B의 크기는 N×N이 된다. B를 오름차순 정렬했을 때, B[k]를 구해보자.배열 A와 B의 인덱스는 1부터 시작한다.B[k]를 출력한다.",15.0,"이분 탐색,매개 변수 탐색,",기준,1300
/problem/1807,척 노리스,"길이가 무한대인 수열 A가 있다. A[N](N ≥ 1)은 N으로 시작하는 가장 작은 4의 배수이다. A[N]의 모든 자리수를 이어 붙이면 길이가 무한대인 문자열 S를 만들 수 있다. 척 노리스는 이 수열을 두 번이나 끝까지 써보았다.S의 K번째 숫자를 구하는 프로그램을 작성하시오.수열은 12, 20, 32, 4, 52, 60, ... 으로 시작하게 되며, S = ""12203245260...""이 된다.각 테스트 케이스에 대해서, S의 K번째 자리수를 출력한다.",14.0,"이분 탐색,수학,매개 변수 탐색,",1.7247604309888906,1807
/problem/12015,가장 긴 증가하는 부분 수열 2,"수열 A가 주어졌을 때, 가장 긴 증가하는 부분 수열을 구하는 프로그램을 작성하시오.예를 들어, 수열 A = {10, 20, 10, 30, 20, 50} 인 경우에 가장 긴 증가하는 부분 수열은 A = {10, 20, 10, 30, 20, 50} 이고, 길이는 4이다.첫째 줄에 수열 A의 가장 긴 증가하는 부분 수열의 길이를 출력한다.",14.0,"이분 탐색,가장 긴 증가하는 부분 수열: O(n log n),",기준,12015
/problem/14003,가장 긴 증가하는 부분 수열 5,"수열 A가 주어졌을 때, 가장 긴 증가하는 부분 수열을 구하는 프로그램을 작성하시오.예를 들어, 수열 A = {10, 20, 10, 30, 20, 50} 인 경우에 가장 긴 증가하는 부분 수열은 A = {10, 20, 10, 30, 20, 50} 이고, 길이는 4이다.첫째 줄에 수열 A의 가장 긴 증가하는 부분 수열의 길이를 출력한다.",16.0,"이분 탐색,가장 긴 증가하는 부분 수열: O(n log n),",2.0000001192092896,14003
/problem/12738,가장 긴 증가하는 부분 수열 3,"수열 A가 주어졌을 때, 가장 긴 증가하는 부분 수열을 구하는 프로그램을 작성하시오.예를 들어, 수열 A = {10, 20, 10, 30, 20, 50} 인 경우에 가장 긴 증가하는 부분 수열은 A = {10, 20, 10, 30, 20, 50} 이고, 길이는 4이다.첫째 줄에 수열 A의 가장 긴 증가하는 부분 수열의 길이를 출력한다.",14.0,"이분 탐색,가장 긴 증가하는 부분 수열: O(n log n),",2.0000001192092896,12738
/problem/2568,전깃줄 - 2,"두 전봇대 A와 B 사이에 하나 둘씩 전깃줄을 추가하다 보니 전깃줄이 서로 교차하는 경우가 발생하였다. 합선의 위험이 있어 이들 중 몇 개의 전깃줄을 없애 전깃줄이 교차하지 않도록 만들려고 한다.예를 들어, <그림 1>과 같이 전깃줄이 연결되어 있는 경우 A의 1번 위치와 B의 8번 위치를 잇는 전깃줄, A의 3번 위치와 B의 9번 위치를 잇는 전깃줄, A의 4번 위치와 B의 1번 위치를 잇는 전깃줄을 없애면 남아있는 모든 전깃줄이 서로 교차하지 않게 된다. <그림 1>전깃줄이 전봇대에 연결되는 위치는 전봇대 위에서부터 차례대로 번호가 매겨진다. 전깃줄의 개수와 전깃줄들이 두 전봇대에 연결되는 위치의 번호가 주어질 때, 남아있는 모든 전깃줄이 서로 교차하지 않게 하기 위해 없애야 하는 최소 개수의 전깃줄을 구하는 프로그램을 작성하시오.첫째 줄에 남아있는 모든 전깃줄이 서로 교차하지 않게 하기 위해 없애야 하는 전깃줄의 최소 개수를 출력한다. 둘째 줄부터 한 줄에 하나씩 없애야 하는 전깃줄의 A전봇대에 연결되는 위치의 번호를 오름차순으로 출력한다. 만약 답이 두 가지 이상이라면 그 중 하나를 출력한다.",16.0,"가장 긴 증가하는 부분 수열: O(n log n),",1.61442545815981,2568
/problem/17411,가장 긴 증가하는 부분 수열 6,"수열 A가 주어졌을 때, 가장 긴 증가하는 부분 수열과 개수를 구하는 프로그램을 작성하시오.예를 들어, 수열 A = {10, 20, 10, 30, 20, 50} 인 경우에 가장 긴 증가하는 부분 수열은 A = {10, 20, 10, 30, 20, 50} 이고, 길이는 4이고, 1개이다. A = {10, 20, 30, 10, 20, 30}인 경우에는 가장 긴 증가하는 부분 수열의 길이는 3이고, 4개가 있다.첫째 줄에 수열 A의 가장 긴 증가하는 부분 수열의 길이와 개수를 출력한다. 개수는 매우 커질 수 있기 때문에 109+7로 나눈 나머지를 출력한다.",19.0,"이분 탐색,자료 구조,가장 긴 증가하는 부분 수열: O(n log n),세그먼트 트리,",1.607118800012055,17411
/problem/12014,주식,"어느 날 당신은 출근길에, 지하철역 쓰레기통에서 놀라운 문서를 얻게 되었다. 이 문서는 미래의 어떤 회사의 주식 가격의 변동이 담겨 있었다. 설마 하는 마음으로 이 회사의 주식 가격의 변동을 본 결과, 문서에 담긴 내용이 사실이라는 것을 알게 되었다. 아마도 미래에서 타임머신을 타고 온 후손이 선조를 돕기 위해서 보낸 것이 아닐까 하는 마음이 들었다.앞으로 N 일간 주식 가격이 N 개의 숫자로 주어져 있다. 당신은 지금까지 주식이라는 것을 거래해본 적이 없기 대문에, 증권회사에 가서 거래를 시작하기로 했다. 미래를 알면서 주식을 거래한다면 다른 사람들이 의심할지도 모른다는 생각이 들어서, 총 K 번 주식을 사기로 했다. 하루에는 주식을 한 번만 살수 있기 때문에, 주식을 사는 날은 총 K 일이다.의심을 더 줄이기 위해서, 주식을 살 때마다 맨 처음을 제외하고는 바로 직전에 주식을 샀을 때보다 가격이 올라갔을 때만 사기로 했다. 예를 들어, 10일간 주가의 변동이 다음 표와 같다고 하자.날짜12345678910주가10050709075871057811060K=3이라면, 2일, 3일, 4일에 주식을 사면 그날의 주가는 50, 70, 90이기 대문에 주어진 조건을 만족한다. 만약 K=6이라면, 2일, 3일, 5일, 6일, 7일, 9일에 주식을 사면 주가가 50, 70, 75, 87, 105, 110이기 때문에 주어진 조건을 만족한다. K=10이라면 조건을 만족할 수 없다.N과 K, 주가가 주어졌을때 주어진 조건을 만족하게 주식을 구입할 수 있는지 여부를 알려주는 프로그램을 작성하시오.각 테스트 케이스에 대해서 출력은 한 줄로 구성된다. T 번째 테스트 케이스에 대해서는 첫째 줄에는 ""Case #T""를 출력한다. 두 번째 줄에는 주어진 조건을 만족하게 주식을 살 수 있으면 1, 아니면 0을 출력한다.",14.0,"이분 탐색,가장 긴 증가하는 부분 수열: O(n log n),",1.6027652621269226,12014
/problem/3745,오름세,"주식투자를 좋아하는 정인이는 주가의 오름세를 살펴보려고 한다.정인이는 n일 동안 매일 주가를 적어놓았고, 여기서 오름세를 찾아보려고 한다.n일 동안의 주가를 p1, p2, ..., pn이라고 했을 때, 오름세란 부분수열 pi1 < pi2 < ... < pik (i1 < i2 < ... ik)을 말한다.n일 동안 주가가 주어졌을 때, 가장 긴 오름세를 찾는 프로그램을 작성하시오.각 테스트 케이스에 대해서 입력으로 주어진 주가의 가장 긴 오름세의 길이를 출력한다.",14.0,"이분 탐색,가장 긴 증가하는 부분 수열: O(n log n),",1.5947830080986023,3745
/problem/1365,꼬인 전깃줄,공화국에 있는 유스타운 시에서는 길을 사이에 두고 전봇대가 아래와 같이 두 줄로 늘어서 있다. 그리고 길 왼편과 길 오른편의 전봇대는 하나의 전선으로 연결되어 있다. 어떤 전봇대도 두 개 이상의 다른 전봇대와 연결되어 있지는 않다.문제는 이 두 전봇대 사이에 있는 전깃줄이 매우 꼬여 있다는 점이다. 꼬여있는 전깃줄은 화재를 유발할 가능성이 있기 때문에 유스타운 시의 시장 임한수는 전격적으로 이 문제를 해결하기로 했다.임한수는 꼬여 있는 전깃줄 중 몇 개를 적절히 잘라 내어 이 문제를 해결하기로 했다. 하지만 이미 설치해 놓은 전선이 아깝기 때문에 잘라내는 전선을 최소로 하여 꼬여 있는 전선이 하나도 없게 만들려고 한다.유스타운 시의 시장 임한수를 도와 잘라내야 할 전선의 최소 개수를 구하는 프로그램을 작성하시오.전선이 꼬이지 않으려면 최소 몇 개의 전선을 잘라내야 하는 지를 첫째 줄에 출력한다.,14.0,"이분 탐색,가장 긴 증가하는 부분 수열: O(n log n),",1.5889591574668884,1365
/problem/2352,반도체 설계,"반도체를 설계할 때 n개의 포트를 다른 n개의 포트와 연결해야 할 때가 있다.예를 들어 왼쪽 그림이 n개의 포트와 다른 n개의 포트를 어떻게 연결해야 하는지를 나타낸다. 하지만 이와 같이 연결을 할 경우에는 연결선이 서로 꼬이기 때문에 이와 같이 연결할 수 없다. n개의 포트가 다른 n개의 포트와 어떻게 연결되어야 하는지가 주어졌을 때, 연결선이 서로 꼬이지(겹치지, 교차하지) 않도록 하면서 최대 몇 개까지 연결할 수 있는지를 알아내는 프로그램을 작성하시오첫째 줄에 최대 연결 개수를 출력한다.",14.0,"이분 탐색,가장 긴 증가하는 부분 수열: O(n log n),",1.564979374408722,2352
/problem/2995,생일,"상근이는 생일 선물로 구간 N개를 받았다. 여기서 말하는 구간이란 수의 구간이며, [A, B]와 같은 구간이다. 구간을 어떻게 선물로 받았는 지는 잘 모르겠지만, 진짜로 그 수학에 나오는 구간이다.상근이는 자신이 가지고 있는 구간 중에서 아래와 같은 조건을 만족하는 가장 긴 서로 다른 구간의 수열을 찾으려고 한다.수열에 포함되는 모든 구간은 다음 위치에 있는 구간을 포함해야 한다.가장 긴 수열을 찾는 프로그램을 작성하시오.첫째 줄에 수열의 길이 K를 출력한다. 다음 K줄에는 수열에 포함되는 구간을 입력 형식과 같이 한 줄에 하나씩 순서대로 출력한다.",17.0,"가장 긴 증가하는 부분 수열: O(n log n),",1.5612092392114458,2995
